"celex_uri","act_number","title","date","section_code","subsection_code","category_code","category_uri","category_label","institution_code","institution_uri","institution_label"
"http://publications.europa.eu/resource/celex/52023IP0467","4171","P9_TA(2023)0467 – Non-communicable diseases – European Parliament resolution of 13 December 2023 on non-communicable diseases (NCDs) (2023/2075(INI))","2024-08-02","I","a","OWNINI_RES","http://publications.europa.eu/resource/authority/resource-type/OWNINI_RES","Own-initiative resolution","EP_DEVE","http://publications.europa.eu/resource/authority/corporate-body/EP_DEVE","Committee on Development"
"http://publications.europa.eu/resource/celex/52023IP0467","4171","P9_TA(2023)0467 – Non-communicable diseases – European Parliament resolution of 13 December 2023 on non-communicable diseases (NCDs) (2023/2075(INI))","2024-08-02","I","a","OWNINI_RES","http://publications.europa.eu/resource/authority/resource-type/OWNINI_RES","Own-initiative resolution","EP_ENVI","http://publications.europa.eu/resource/authority/corporate-body/EP_ENVI","Committee on the Environment, Climate and Food Safety"
"http://publications.europa.eu/resource/celex/52023IP0467","4171","P9_TA(2023)0467 – Non-communicable diseases – European Parliament resolution of 13 December 2023 on non-communicable diseases (NCDs) (2023/2075(INI))","2024-08-02","I","a","OWNINI_RES","http://publications.europa.eu/resource/authority/resource-type/OWNINI_RES","Own-initiative resolution","EP","http://publications.europa.eu/resource/authority/corporate-body/EP","European Parliament"
"http://publications.europa.eu/resource/celex/52024AE2112","115","Opinion of the European Economic and Social Committee – Leaving no one behind: European Commitment to Tackling Rare Diseases (Exploratory opinion at the request of the Hungarian Presidency)","2025-01-10","I","c","OPIN_EXPLOR","http://publications.europa.eu/resource/authority/resource-type/OPIN_EXPLOR","Exploratory opinion","EESC","http://publications.europa.eu/resource/authority/corporate-body/EESC","European Economic and Social Committee"
"http://publications.europa.eu/resource/celex/32024R2623","2623","Commission Delegated Regulation (EU) 2024/2623 of 30 July 2024 supplementing Regulation (EU) 2016/429 of the European Parliament and of the Council as regards rules for approval and recognition of disease-free status of compartments keeping terrestrial animals","2024-10-04","II","b","REG_DEL","http://publications.europa.eu/resource/authority/resource-type/REG_DEL","Delegated regulation","SANTE","http://publications.europa.eu/resource/authority/corporate-body/SANTE","Directorate-General for Health and Food Safety"
"http://publications.europa.eu/resource/celex/32024R2623","2623","Commission Delegated Regulation (EU) 2024/2623 of 30 July 2024 supplementing Regulation (EU) 2016/429 of the European Parliament and of the Council as regards rules for approval and recognition of disease-free status of compartments keeping terrestrial animals","2024-10-04","II","b","REG_DEL","http://publications.europa.eu/resource/authority/resource-type/REG_DEL","Delegated regulation","COM","http://publications.europa.eu/resource/authority/corporate-body/COM","European Commission"
"http://publications.europa.eu/resource/celex/32023R2618","2618","Commission Implementing Regulation (EU) 2023/2618 of 23 November 2023 amending certain Annexes to Implementing Regulation (EU) 2021/620 as regards the approval or withdrawal of the disease-free status of certain Member States or zones thereof as regards certain listed diseases and the approval of eradication programmes for certain listed diseases","2023-11-24","II","b","REG_IMPL","http://publications.europa.eu/resource/authority/resource-type/REG_IMPL","Implementing regulation","SANTE","http://publications.europa.eu/resource/authority/corporate-body/SANTE","Directorate-General for Health and Food Safety"
"http://publications.europa.eu/resource/celex/32024R0216","216","Commission Implementing Regulation (EU) 2024/216 of 11 January 2024 amending the Annex to Implementing Regulation (EU) 2018/1882 concerning listed diseases of aquatic animals and the list of species and groups of species posing a considerable risk for the spread of those listed diseases","2024-01-12","II","b","REG_IMPL","http://publications.europa.eu/resource/authority/resource-type/REG_IMPL","Implementing regulation","SANTE","http://publications.europa.eu/resource/authority/corporate-body/SANTE","Directorate-General for Health and Food Safety"
"http://publications.europa.eu/resource/celex/32024R0566","566","Commission Implementing Regulation (EU) 2024/566 of 14 February 2024 amending Annex VIII to Implementing Regulation (EU) 2021/620 as regards the approval or withdrawal of the disease-free status of certain zones of Germany and Spain as regards infection with bluetongue virus (serotypes 1-24) and the approval of the extension of an eradication programme for infection with that virus","2024-02-15","II","b","REG_IMPL","http://publications.europa.eu/resource/authority/resource-type/REG_IMPL","Implementing regulation","SANTE","http://publications.europa.eu/resource/authority/corporate-body/SANTE","Directorate-General for Health and Food Safety"
"http://publications.europa.eu/resource/celex/32024R1332","1332","Commission Implementing Regulation (EU) 2024/1332 of 17 May 2024 amending certain Annexes to Implementing Regulation (EU) 2021/620 as regards the approval or withdrawal of the disease-free status of certain Member States or zones or compartments thereof as regards certain listed diseases and the approval of eradication programmes for certain listed diseases","2024-05-21","II","b","REG_IMPL","http://publications.europa.eu/resource/authority/resource-type/REG_IMPL","Implementing regulation","SANTE","http://publications.europa.eu/resource/authority/corporate-body/SANTE","Directorate-General for Health and Food Safety"
"http://publications.europa.eu/resource/celex/32024R2043","2043","Commission Implementing Regulation (EU) 2024/2043 of 29 July 2024 amending Annex II to Implementing Regulation (EU) 2020/690 as regards the listed diseases for which the disease-free status of compartments may be established","2024-07-30","II","b","REG_IMPL","http://publications.europa.eu/resource/authority/resource-type/REG_IMPL","Implementing regulation","SANTE","http://publications.europa.eu/resource/authority/corporate-body/SANTE","Directorate-General for Health and Food Safety"
"http://publications.europa.eu/resource/celex/32024R2032","2032","Commission Implementing Regulation (EU) 2024/2032 of 29 July 2024 amending certain Annexes to Implementing Regulation (EU) 2021/620 as regards the approval or withdrawal of the disease-free status of certain Member States or zones thereof as regards certain listed diseases and the approval of eradication programmes for certain listed diseases","2024-07-30","II","b","REG_IMPL","http://publications.europa.eu/resource/authority/resource-type/REG_IMPL","Implementing regulation","SANTE","http://publications.europa.eu/resource/authority/corporate-body/SANTE","Directorate-General for Health and Food Safety"
"http://publications.europa.eu/resource/celex/32024R2692","2692","Commission Implementing Regulation (EU) 2024/2692 of 17 October 2024 amending Annexes I and VIII to Implementing Regulation (EU) 2021/620 as regards the approval or withdrawal of the disease-free status of certain Member States or zones thereof as regards certain listed diseases and the approval of eradication programmes for certain listed diseases","2024-10-18","II","b","REG_IMPL","http://publications.europa.eu/resource/authority/resource-type/REG_IMPL","Implementing regulation","SANTE","http://publications.europa.eu/resource/authority/corporate-body/SANTE","Directorate-General for Health and Food Safety"
"http://publications.europa.eu/resource/celex/32025R0268","268","Commission Implementing Regulation (EU) 2025/268 of 4 February 2025 amending Annex I to Implementing Regulation (EU) 2023/594 laying down special disease control measures for African swine fever","2025-02-06","II","b","REG_IMPL","http://publications.europa.eu/resource/authority/resource-type/REG_IMPL","Implementing regulation","SANTE","http://publications.europa.eu/resource/authority/corporate-body/SANTE","Directorate-General for Health and Food Safety"
"http://publications.europa.eu/resource/celex/32025R0498","498","Commission Implementing Regulation (EU) 2025/498 of 11 March 2025 amending Annex I to Implementing Regulation (EU) 2023/594 laying down special disease control measures for African swine fever","2025-03-13","II","b","REG_IMPL","http://publications.europa.eu/resource/authority/resource-type/REG_IMPL","Implementing regulation","SANTE","http://publications.europa.eu/resource/authority/corporate-body/SANTE","Directorate-General for Health and Food Safety"
"http://publications.europa.eu/resource/celex/32025R0330","330","Commission Implementing Regulation (EU) 2025/330 of 19 February 2025 amending Annexes VIII and XI to Implementing Regulation (EU) 2021/620 as regards the approval or withdrawal of the disease-free status of certain Member States or zones thereof as regards certain listed diseases and the approval of eradication programmes for certain listed diseases","2025-02-20","II","b","REG_IMPL","http://publications.europa.eu/resource/authority/resource-type/REG_IMPL","Implementing regulation","SANTE","http://publications.europa.eu/resource/authority/corporate-body/SANTE","Directorate-General for Health and Food Safety"
"http://publications.europa.eu/resource/celex/32025R0448","448","Commission Implementing Regulation (EU) 2025/448 of 28 February 2025 amending Annexes I and II to Implementing Regulation (EU) 2023/594 laying down special disease control measures for African swine fever","2025-03-03","II","b","REG_IMPL","http://publications.europa.eu/resource/authority/resource-type/REG_IMPL","Implementing regulation","SANTE","http://publications.europa.eu/resource/authority/corporate-body/SANTE","Directorate-General for Health and Food Safety"
"http://publications.europa.eu/resource/celex/32025R0624","624","Commission Implementing Regulation (EU) 2025/624 of 24 March 2025 amending Annex I to Implementing Regulation (EU) 2023/594 laying down special disease control measures for African swine fever","2025-03-25","II","b","REG_IMPL","http://publications.europa.eu/resource/authority/resource-type/REG_IMPL","Implementing regulation","SANTE","http://publications.europa.eu/resource/authority/corporate-body/SANTE","Directorate-General for Health and Food Safety"
"http://publications.europa.eu/resource/celex/32025R0715","715","Commission Implementing Regulation (EU) 2025/715 of 7 April 2025 amending Annex I to Implementing Regulation (EU) 2023/594 laying down special disease control measures for African swine fever","2025-04-08","II","b","REG_IMPL","http://publications.europa.eu/resource/authority/resource-type/REG_IMPL","Implementing regulation","SANTE","http://publications.europa.eu/resource/authority/corporate-body/SANTE","Directorate-General for Health and Food Safety"
"http://publications.europa.eu/resource/celex/32025R0862","862","Commission Implementing Regulation (EU) 2025/862 of 30 April 2025 amending Annex I to Implementing Regulation (EU) 2023/594 laying down special disease control measures for African swine fever","2025-05-02","II","b","REG_IMPL","http://publications.europa.eu/resource/authority/resource-type/REG_IMPL","Implementing regulation","SANTE","http://publications.europa.eu/resource/authority/corporate-body/SANTE","Directorate-General for Health and Food Safety"
"http://publications.europa.eu/resource/celex/32025R1072","1072","Commission Implementing Regulation (EU) 2025/1072 of 22 May 2025 amending Annex I to Implementing Regulation (EU) 2023/594 laying down special disease control measures for African swine fever","2025-05-23","II","b","REG_IMPL","http://publications.europa.eu/resource/authority/resource-type/REG_IMPL","Implementing regulation","SANTE","http://publications.europa.eu/resource/authority/corporate-body/SANTE","Directorate-General for Health and Food Safety"
"http://publications.europa.eu/resource/celex/32025R0902","902","Commission Implementing Regulation (EU) 2025/902 of 12 May 2025 amending Annex I to Implementing Regulation (EU) 2023/594 laying down special disease control measures for African swine fever","2025-05-14","II","b","REG_IMPL","http://publications.europa.eu/resource/authority/resource-type/REG_IMPL","Implementing regulation","SANTE","http://publications.europa.eu/resource/authority/corporate-body/SANTE","Directorate-General for Health and Food Safety"
"http://publications.europa.eu/resource/celex/32025R1242","1242","Commission Implementing Regulation (EU) 2025/1242 of 19 June 2025 amending Annexes I and II to Implementing Regulation (EU) 2023/594 laying down special disease control measures for African swine fever","2025-06-20","II","b","REG_IMPL","http://publications.europa.eu/resource/authority/resource-type/REG_IMPL","Implementing regulation","SANTE","http://publications.europa.eu/resource/authority/corporate-body/SANTE","Directorate-General for Health and Food Safety"
"http://publications.europa.eu/resource/celex/32025R1725","1725","Commission Implementing Regulation (EU) 2025/1725 of 4 August 2025 amending Annex I to Implementing Regulation (EU) 2023/594 laying down special disease control measures for African swine fever","2025-08-06","II","b","REG_IMPL","http://publications.europa.eu/resource/authority/resource-type/REG_IMPL","Implementing regulation","SANTE","http://publications.europa.eu/resource/authority/corporate-body/SANTE","Directorate-General for Health and Food Safety"
"http://publications.europa.eu/resource/celex/32025R1401","1401","Commission Implementing Regulation (EU) 2025/1401 of 14 July 2025 amending Annexes I, VIII, XI, XV, XVI and XVII to Implementing Regulation (EU) 2021/620 as regards the approval or withdrawal of the disease-free status of certain Member States, zones or compartments thereof as regards certain listed diseases and the approval of eradication programmes for certain listed diseases","2025-07-15","II","b","REG_IMPL","http://publications.europa.eu/resource/authority/resource-type/REG_IMPL","Implementing regulation","SANTE","http://publications.europa.eu/resource/authority/corporate-body/SANTE","Directorate-General for Health and Food Safety"
"http://publications.europa.eu/resource/celex/32025R1356","1356","Commission Implementing Regulation (EU) 2025/1356 of 8 July 2025 amending Annexes I and II to Implementing Regulation (EU) 2023/594 laying down special disease control measures for African swine fever","2025-07-09","II","b","REG_IMPL","http://publications.europa.eu/resource/authority/resource-type/REG_IMPL","Implementing regulation","SANTE","http://publications.europa.eu/resource/authority/corporate-body/SANTE","Directorate-General for Health and Food Safety"
"http://publications.europa.eu/resource/celex/32025R1560","1560","Commission Implementing Regulation (EU) 2025/1560 of 30 July 2025 authorising a health claim made on foods, other than those referring to the reduction of disease risk and to children’s development and health, and amending Regulation (EU) No 432/2012","2025-07-31","II","b","REG_IMPL","http://publications.europa.eu/resource/authority/resource-type/REG_IMPL","Implementing regulation","SANTE","http://publications.europa.eu/resource/authority/corporate-body/SANTE","Directorate-General for Health and Food Safety"
"http://publications.europa.eu/resource/celex/32025R1543","1543","Commission Implementing Regulation (EU) 2025/1543 of 23 July 2025 amending Annex I to Implementing Regulation (EU) 2023/594 laying down special disease control measures for African swine fever","2025-07-25","II","b","REG_IMPL","http://publications.europa.eu/resource/authority/resource-type/REG_IMPL","Implementing regulation","SANTE","http://publications.europa.eu/resource/authority/corporate-body/SANTE","Directorate-General for Health and Food Safety"
"http://publications.europa.eu/resource/celex/32025R1763","1763","Commission Implementing Regulation (EU) 2025/1763 of 25 August 2025 amending Annex I to Implementing Regulation (EU) 2023/594 laying down special disease control measures for African swine fever","2025-08-26","II","b","REG_IMPL","http://publications.europa.eu/resource/authority/resource-type/REG_IMPL","Implementing regulation","SANTE","http://publications.europa.eu/resource/authority/corporate-body/SANTE","Directorate-General for Health and Food Safety"
"http://publications.europa.eu/resource/celex/32025R1882","1882","Commission Implementing Regulation (EU) 2025/1882 of 11 September 2025 amending Annex I to Implementing Regulation (EU) 2023/594 laying down special disease control measures for African swine fever","2025-09-12","II","b","REG_IMPL","http://publications.europa.eu/resource/authority/resource-type/REG_IMPL","Implementing regulation","SANTE","http://publications.europa.eu/resource/authority/corporate-body/SANTE","Directorate-General for Health and Food Safety"
"http://publications.europa.eu/resource/celex/32025R1753","1753","Commission Implementing Regulation (EU) 2025/1753 of 18 August 2025 correcting and amending Annex I to Implementing Regulation (EU) 2023/594 laying down special disease control measures for African swine fever","2025-08-20","II","b","REG_IMPL","http://publications.europa.eu/resource/authority/resource-type/REG_IMPL","Implementing regulation","SANTE","http://publications.europa.eu/resource/authority/corporate-body/SANTE","Directorate-General for Health and Food Safety"
"http://publications.europa.eu/resource/celex/32025R1924","1924","Commission Implementing Regulation (EU) 2025/1924 of 19 September 2025 amending Annex I to Implementing Regulation (EU) 2023/594 laying down special disease control measures for African swine fever","2025-09-22","II","b","REG_IMPL","http://publications.europa.eu/resource/authority/resource-type/REG_IMPL","Implementing regulation","SANTE","http://publications.europa.eu/resource/authority/corporate-body/SANTE","Directorate-General for Health and Food Safety"
"http://publications.europa.eu/resource/celex/32025R2051","2051","Commission Implementing Regulation (EU) 2025/2051 of 6 October 2025 correcting and amending Annex I to Implementing Regulation (EU) 2023/594 laying down special disease control measures for African swine fever","2025-10-08","II","b","REG_IMPL","http://publications.europa.eu/resource/authority/resource-type/REG_IMPL","Implementing regulation","SANTE","http://publications.europa.eu/resource/authority/corporate-body/SANTE","Directorate-General for Health and Food Safety"
"http://publications.europa.eu/resource/celex/32025R2189","2189","Commission Implementing Regulation (EU) 2025/2189 of 23 October 2025 amending Annex I to Implementing Regulation (EU) 2023/594 laying down special disease control measures for African swine fever","2025-10-27","II","b","REG_IMPL","http://publications.europa.eu/resource/authority/resource-type/REG_IMPL","Implementing regulation","SANTE","http://publications.europa.eu/resource/authority/corporate-body/SANTE","Directorate-General for Health and Food Safety"
"http://publications.europa.eu/resource/celex/32025R2250","2250","Commission Implementing Regulation (EU) 2025/2250 of 4 November 2025 amending and correcting Annex I to Implementing Regulation (EU) 2023/594 laying down special disease control measures for African swine fever","2025-11-05","II","b","REG_IMPL","http://publications.europa.eu/resource/authority/resource-type/REG_IMPL","Implementing regulation","SANTE","http://publications.europa.eu/resource/authority/corporate-body/SANTE","Directorate-General for Health and Food Safety"
"http://publications.europa.eu/resource/celex/32025R2388","2388","Commission Implementing Regulation (EU) 2025/2388 of 24 November 2025 amending Annex I to Implementing Regulation (EU) 2023/594 laying down special disease control measures for African swine fever","2025-11-25","II","b","REG_IMPL","http://publications.europa.eu/resource/authority/resource-type/REG_IMPL","Implementing regulation","SANTE","http://publications.europa.eu/resource/authority/corporate-body/SANTE","Directorate-General for Health and Food Safety"
"http://publications.europa.eu/resource/celex/32023R2618","2618","Commission Implementing Regulation (EU) 2023/2618 of 23 November 2023 amending certain Annexes to Implementing Regulation (EU) 2021/620 as regards the approval or withdrawal of the disease-free status of certain Member States or zones thereof as regards certain listed diseases and the approval of eradication programmes for certain listed diseases","2023-11-24","II","b","REG_IMPL","http://publications.europa.eu/resource/authority/resource-type/REG_IMPL","Implementing regulation","COM","http://publications.europa.eu/resource/authority/corporate-body/COM","European Commission"
"http://publications.europa.eu/resource/celex/32024R0216","216","Commission Implementing Regulation (EU) 2024/216 of 11 January 2024 amending the Annex to Implementing Regulation (EU) 2018/1882 concerning listed diseases of aquatic animals and the list of species and groups of species posing a considerable risk for the spread of those listed diseases","2024-01-12","II","b","REG_IMPL","http://publications.europa.eu/resource/authority/resource-type/REG_IMPL","Implementing regulation","COM","http://publications.europa.eu/resource/authority/corporate-body/COM","European Commission"
"http://publications.europa.eu/resource/celex/32024R0566","566","Commission Implementing Regulation (EU) 2024/566 of 14 February 2024 amending Annex VIII to Implementing Regulation (EU) 2021/620 as regards the approval or withdrawal of the disease-free status of certain zones of Germany and Spain as regards infection with bluetongue virus (serotypes 1-24) and the approval of the extension of an eradication programme for infection with that virus","2024-02-15","II","b","REG_IMPL","http://publications.europa.eu/resource/authority/resource-type/REG_IMPL","Implementing regulation","COM","http://publications.europa.eu/resource/authority/corporate-body/COM","European Commission"
"http://publications.europa.eu/resource/celex/32024R1332","1332","Commission Implementing Regulation (EU) 2024/1332 of 17 May 2024 amending certain Annexes to Implementing Regulation (EU) 2021/620 as regards the approval or withdrawal of the disease-free status of certain Member States or zones or compartments thereof as regards certain listed diseases and the approval of eradication programmes for certain listed diseases","2024-05-21","II","b","REG_IMPL","http://publications.europa.eu/resource/authority/resource-type/REG_IMPL","Implementing regulation","COM","http://publications.europa.eu/resource/authority/corporate-body/COM","European Commission"
"http://publications.europa.eu/resource/celex/32024R2043","2043","Commission Implementing Regulation (EU) 2024/2043 of 29 July 2024 amending Annex II to Implementing Regulation (EU) 2020/690 as regards the listed diseases for which the disease-free status of compartments may be established","2024-07-30","II","b","REG_IMPL","http://publications.europa.eu/resource/authority/resource-type/REG_IMPL","Implementing regulation","COM","http://publications.europa.eu/resource/authority/corporate-body/COM","European Commission"
"http://publications.europa.eu/resource/celex/32024R2032","2032","Commission Implementing Regulation (EU) 2024/2032 of 29 July 2024 amending certain Annexes to Implementing Regulation (EU) 2021/620 as regards the approval or withdrawal of the disease-free status of certain Member States or zones thereof as regards certain listed diseases and the approval of eradication programmes for certain listed diseases","2024-07-30","II","b","REG_IMPL","http://publications.europa.eu/resource/authority/resource-type/REG_IMPL","Implementing regulation","COM","http://publications.europa.eu/resource/authority/corporate-body/COM","European Commission"
"http://publications.europa.eu/resource/celex/32024R2692","2692","Commission Implementing Regulation (EU) 2024/2692 of 17 October 2024 amending Annexes I and VIII to Implementing Regulation (EU) 2021/620 as regards the approval or withdrawal of the disease-free status of certain Member States or zones thereof as regards certain listed diseases and the approval of eradication programmes for certain listed diseases","2024-10-18","II","b","REG_IMPL","http://publications.europa.eu/resource/authority/resource-type/REG_IMPL","Implementing regulation","COM","http://publications.europa.eu/resource/authority/corporate-body/COM","European Commission"
"http://publications.europa.eu/resource/celex/32025R0268","268","Commission Implementing Regulation (EU) 2025/268 of 4 February 2025 amending Annex I to Implementing Regulation (EU) 2023/594 laying down special disease control measures for African swine fever","2025-02-06","II","b","REG_IMPL","http://publications.europa.eu/resource/authority/resource-type/REG_IMPL","Implementing regulation","COM","http://publications.europa.eu/resource/authority/corporate-body/COM","European Commission"
"http://publications.europa.eu/resource/celex/32025R0498","498","Commission Implementing Regulation (EU) 2025/498 of 11 March 2025 amending Annex I to Implementing Regulation (EU) 2023/594 laying down special disease control measures for African swine fever","2025-03-13","II","b","REG_IMPL","http://publications.europa.eu/resource/authority/resource-type/REG_IMPL","Implementing regulation","COM","http://publications.europa.eu/resource/authority/corporate-body/COM","European Commission"
"http://publications.europa.eu/resource/celex/32025R0330","330","Commission Implementing Regulation (EU) 2025/330 of 19 February 2025 amending Annexes VIII and XI to Implementing Regulation (EU) 2021/620 as regards the approval or withdrawal of the disease-free status of certain Member States or zones thereof as regards certain listed diseases and the approval of eradication programmes for certain listed diseases","2025-02-20","II","b","REG_IMPL","http://publications.europa.eu/resource/authority/resource-type/REG_IMPL","Implementing regulation","COM","http://publications.europa.eu/resource/authority/corporate-body/COM","European Commission"
"http://publications.europa.eu/resource/celex/32025R0448","448","Commission Implementing Regulation (EU) 2025/448 of 28 February 2025 amending Annexes I and II to Implementing Regulation (EU) 2023/594 laying down special disease control measures for African swine fever","2025-03-03","II","b","REG_IMPL","http://publications.europa.eu/resource/authority/resource-type/REG_IMPL","Implementing regulation","COM","http://publications.europa.eu/resource/authority/corporate-body/COM","European Commission"
"http://publications.europa.eu/resource/celex/32025R0624","624","Commission Implementing Regulation (EU) 2025/624 of 24 March 2025 amending Annex I to Implementing Regulation (EU) 2023/594 laying down special disease control measures for African swine fever","2025-03-25","II","b","REG_IMPL","http://publications.europa.eu/resource/authority/resource-type/REG_IMPL","Implementing regulation","COM","http://publications.europa.eu/resource/authority/corporate-body/COM","European Commission"
"http://publications.europa.eu/resource/celex/32025R0715","715","Commission Implementing Regulation (EU) 2025/715 of 7 April 2025 amending Annex I to Implementing Regulation (EU) 2023/594 laying down special disease control measures for African swine fever","2025-04-08","II","b","REG_IMPL","http://publications.europa.eu/resource/authority/resource-type/REG_IMPL","Implementing regulation","COM","http://publications.europa.eu/resource/authority/corporate-body/COM","European Commission"
"http://publications.europa.eu/resource/celex/32025R0862","862","Commission Implementing Regulation (EU) 2025/862 of 30 April 2025 amending Annex I to Implementing Regulation (EU) 2023/594 laying down special disease control measures for African swine fever","2025-05-02","II","b","REG_IMPL","http://publications.europa.eu/resource/authority/resource-type/REG_IMPL","Implementing regulation","COM","http://publications.europa.eu/resource/authority/corporate-body/COM","European Commission"
"http://publications.europa.eu/resource/celex/32025R1072","1072","Commission Implementing Regulation (EU) 2025/1072 of 22 May 2025 amending Annex I to Implementing Regulation (EU) 2023/594 laying down special disease control measures for African swine fever","2025-05-23","II","b","REG_IMPL","http://publications.europa.eu/resource/authority/resource-type/REG_IMPL","Implementing regulation","COM","http://publications.europa.eu/resource/authority/corporate-body/COM","European Commission"
"http://publications.europa.eu/resource/celex/32025R0902","902","Commission Implementing Regulation (EU) 2025/902 of 12 May 2025 amending Annex I to Implementing Regulation (EU) 2023/594 laying down special disease control measures for African swine fever","2025-05-14","II","b","REG_IMPL","http://publications.europa.eu/resource/authority/resource-type/REG_IMPL","Implementing regulation","COM","http://publications.europa.eu/resource/authority/corporate-body/COM","European Commission"
"http://publications.europa.eu/resource/celex/32025R1242","1242","Commission Implementing Regulation (EU) 2025/1242 of 19 June 2025 amending Annexes I and II to Implementing Regulation (EU) 2023/594 laying down special disease control measures for African swine fever","2025-06-20","II","b","REG_IMPL","http://publications.europa.eu/resource/authority/resource-type/REG_IMPL","Implementing regulation","COM","http://publications.europa.eu/resource/authority/corporate-body/COM","European Commission"
"http://publications.europa.eu/resource/celex/32025R1725","1725","Commission Implementing Regulation (EU) 2025/1725 of 4 August 2025 amending Annex I to Implementing Regulation (EU) 2023/594 laying down special disease control measures for African swine fever","2025-08-06","II","b","REG_IMPL","http://publications.europa.eu/resource/authority/resource-type/REG_IMPL","Implementing regulation","COM","http://publications.europa.eu/resource/authority/corporate-body/COM","European Commission"
"http://publications.europa.eu/resource/celex/32025R1401","1401","Commission Implementing Regulation (EU) 2025/1401 of 14 July 2025 amending Annexes I, VIII, XI, XV, XVI and XVII to Implementing Regulation (EU) 2021/620 as regards the approval or withdrawal of the disease-free status of certain Member States, zones or compartments thereof as regards certain listed diseases and the approval of eradication programmes for certain listed diseases","2025-07-15","II","b","REG_IMPL","http://publications.europa.eu/resource/authority/resource-type/REG_IMPL","Implementing regulation","COM","http://publications.europa.eu/resource/authority/corporate-body/COM","European Commission"
"http://publications.europa.eu/resource/celex/32025R1356","1356","Commission Implementing Regulation (EU) 2025/1356 of 8 July 2025 amending Annexes I and II to Implementing Regulation (EU) 2023/594 laying down special disease control measures for African swine fever","2025-07-09","II","b","REG_IMPL","http://publications.europa.eu/resource/authority/resource-type/REG_IMPL","Implementing regulation","COM","http://publications.europa.eu/resource/authority/corporate-body/COM","European Commission"
"http://publications.europa.eu/resource/celex/32025R1560","1560","Commission Implementing Regulation (EU) 2025/1560 of 30 July 2025 authorising a health claim made on foods, other than those referring to the reduction of disease risk and to children’s development and health, and amending Regulation (EU) No 432/2012","2025-07-31","II","b","REG_IMPL","http://publications.europa.eu/resource/authority/resource-type/REG_IMPL","Implementing regulation","COM","http://publications.europa.eu/resource/authority/corporate-body/COM","European Commission"
"http://publications.europa.eu/resource/celex/32025R1543","1543","Commission Implementing Regulation (EU) 2025/1543 of 23 July 2025 amending Annex I to Implementing Regulation (EU) 2023/594 laying down special disease control measures for African swine fever","2025-07-25","II","b","REG_IMPL","http://publications.europa.eu/resource/authority/resource-type/REG_IMPL","Implementing regulation","COM","http://publications.europa.eu/resource/authority/corporate-body/COM","European Commission"
"http://publications.europa.eu/resource/celex/32025R1763","1763","Commission Implementing Regulation (EU) 2025/1763 of 25 August 2025 amending Annex I to Implementing Regulation (EU) 2023/594 laying down special disease control measures for African swine fever","2025-08-26","II","b","REG_IMPL","http://publications.europa.eu/resource/authority/resource-type/REG_IMPL","Implementing regulation","COM","http://publications.europa.eu/resource/authority/corporate-body/COM","European Commission"
"http://publications.europa.eu/resource/celex/32025R1882","1882","Commission Implementing Regulation (EU) 2025/1882 of 11 September 2025 amending Annex I to Implementing Regulation (EU) 2023/594 laying down special disease control measures for African swine fever","2025-09-12","II","b","REG_IMPL","http://publications.europa.eu/resource/authority/resource-type/REG_IMPL","Implementing regulation","COM","http://publications.europa.eu/resource/authority/corporate-body/COM","European Commission"
"http://publications.europa.eu/resource/celex/32025R1753","1753","Commission Implementing Regulation (EU) 2025/1753 of 18 August 2025 correcting and amending Annex I to Implementing Regulation (EU) 2023/594 laying down special disease control measures for African swine fever","2025-08-20","II","b","REG_IMPL","http://publications.europa.eu/resource/authority/resource-type/REG_IMPL","Implementing regulation","COM","http://publications.europa.eu/resource/authority/corporate-body/COM","European Commission"
"http://publications.europa.eu/resource/celex/32025R1924","1924","Commission Implementing Regulation (EU) 2025/1924 of 19 September 2025 amending Annex I to Implementing Regulation (EU) 2023/594 laying down special disease control measures for African swine fever","2025-09-22","II","b","REG_IMPL","http://publications.europa.eu/resource/authority/resource-type/REG_IMPL","Implementing regulation","COM","http://publications.europa.eu/resource/authority/corporate-body/COM","European Commission"
"http://publications.europa.eu/resource/celex/32025R2051","2051","Commission Implementing Regulation (EU) 2025/2051 of 6 October 2025 correcting and amending Annex I to Implementing Regulation (EU) 2023/594 laying down special disease control measures for African swine fever","2025-10-08","II","b","REG_IMPL","http://publications.europa.eu/resource/authority/resource-type/REG_IMPL","Implementing regulation","COM","http://publications.europa.eu/resource/authority/corporate-body/COM","European Commission"
"http://publications.europa.eu/resource/celex/32025R2189","2189","Commission Implementing Regulation (EU) 2025/2189 of 23 October 2025 amending Annex I to Implementing Regulation (EU) 2023/594 laying down special disease control measures for African swine fever","2025-10-27","II","b","REG_IMPL","http://publications.europa.eu/resource/authority/resource-type/REG_IMPL","Implementing regulation","COM","http://publications.europa.eu/resource/authority/corporate-body/COM","European Commission"
"http://publications.europa.eu/resource/celex/32025R2250","2250","Commission Implementing Regulation (EU) 2025/2250 of 4 November 2025 amending and correcting Annex I to Implementing Regulation (EU) 2023/594 laying down special disease control measures for African swine fever","2025-11-05","II","b","REG_IMPL","http://publications.europa.eu/resource/authority/resource-type/REG_IMPL","Implementing regulation","COM","http://publications.europa.eu/resource/authority/corporate-body/COM","European Commission"
"http://publications.europa.eu/resource/celex/32025R2388","2388","Commission Implementing Regulation (EU) 2025/2388 of 24 November 2025 amending Annex I to Implementing Regulation (EU) 2023/594 laying down special disease control measures for African swine fever","2025-11-25","II","b","REG_IMPL","http://publications.europa.eu/resource/authority/resource-type/REG_IMPL","Implementing regulation","COM","http://publications.europa.eu/resource/authority/corporate-body/COM","European Commission"
"http://publications.europa.eu/resource/celex/32024R2063","2063","Commission Regulation (EU) 2024/2063 of 30 July 2024 refusing to authorise a health claim made on foods, other than those referring to the reduction of disease risk and to children’s development and health","2024-07-31","II","b","REG","http://publications.europa.eu/resource/authority/resource-type/REG","Regulation","SANTE","http://publications.europa.eu/resource/authority/corporate-body/SANTE","Directorate-General for Health and Food Safety"
"http://publications.europa.eu/resource/celex/32024R2105","2105","Commission Regulation (EU) 2024/2105 of 31 July 2024 refusing to authorise a health claim made on foods, other than those referring to the reduction of disease risk and to children’s development and health","2024-08-01","II","b","REG","http://publications.europa.eu/resource/authority/resource-type/REG","Regulation","SANTE","http://publications.europa.eu/resource/authority/corporate-body/SANTE","Directorate-General for Health and Food Safety"
"http://publications.europa.eu/resource/celex/32025R0350","350","Commission Regulation (EU) 2025/350 of 21 February 2025 refusing to authorise a health claim made on foods, other than those referring to the reduction of disease risk and to children’s development and health","2025-02-24","II","b","REG","http://publications.europa.eu/resource/authority/resource-type/REG","Regulation","SANTE","http://publications.europa.eu/resource/authority/corporate-body/SANTE","Directorate-General for Health and Food Safety"
"http://publications.europa.eu/resource/celex/32025R2222","2222","Commission Regulation (EU) 2025/2222 of 4 November 2025 refusing to authorise a health claim made on foods and referring to the reduction of disease risk","2025-11-05","II","b","REG","http://publications.europa.eu/resource/authority/resource-type/REG","Regulation","SANTE","http://publications.europa.eu/resource/authority/corporate-body/SANTE","Directorate-General for Health and Food Safety"
"http://publications.europa.eu/resource/celex/32025R2223","2223","Commission Regulation (EU) 2025/2223 of 4 November 2025 refusing to authorise a health claim made on foods, other than those referring to the reduction of disease risk and to children’s development and health","2025-11-05","II","b","REG","http://publications.europa.eu/resource/authority/resource-type/REG","Regulation","SANTE","http://publications.europa.eu/resource/authority/corporate-body/SANTE","Directorate-General for Health and Food Safety"
"http://publications.europa.eu/resource/celex/32024R2063","2063","Commission Regulation (EU) 2024/2063 of 30 July 2024 refusing to authorise a health claim made on foods, other than those referring to the reduction of disease risk and to children’s development and health","2024-07-31","II","b","REG","http://publications.europa.eu/resource/authority/resource-type/REG","Regulation","COM","http://publications.europa.eu/resource/authority/corporate-body/COM","European Commission"
"http://publications.europa.eu/resource/celex/32024R2105","2105","Commission Regulation (EU) 2024/2105 of 31 July 2024 refusing to authorise a health claim made on foods, other than those referring to the reduction of disease risk and to children’s development and health","2024-08-01","II","b","REG","http://publications.europa.eu/resource/authority/resource-type/REG","Regulation","COM","http://publications.europa.eu/resource/authority/corporate-body/COM","European Commission"
"http://publications.europa.eu/resource/celex/32025R0350","350","Commission Regulation (EU) 2025/350 of 21 February 2025 refusing to authorise a health claim made on foods, other than those referring to the reduction of disease risk and to children’s development and health","2025-02-24","II","b","REG","http://publications.europa.eu/resource/authority/resource-type/REG","Regulation","COM","http://publications.europa.eu/resource/authority/corporate-body/COM","European Commission"
"http://publications.europa.eu/resource/celex/32025R2222","2222","Commission Regulation (EU) 2025/2222 of 4 November 2025 refusing to authorise a health claim made on foods and referring to the reduction of disease risk","2025-11-05","II","b","REG","http://publications.europa.eu/resource/authority/resource-type/REG","Regulation","COM","http://publications.europa.eu/resource/authority/corporate-body/COM","European Commission"
"http://publications.europa.eu/resource/celex/32025R2223","2223","Commission Regulation (EU) 2025/2223 of 4 November 2025 refusing to authorise a health claim made on foods, other than those referring to the reduction of disease risk and to children’s development and health","2025-11-05","II","b","REG","http://publications.europa.eu/resource/authority/resource-type/REG","Regulation","COM","http://publications.europa.eu/resource/authority/corporate-body/COM","European Commission"
"http://publications.europa.eu/resource/celex/52024XC01960","1960","Notice from the Commission on the fulfilment of the conditions for the application of Regulation (EU) 2020/1043 of the European Parliament and of the Council on the conduct of clinical trials with and supply of medicinal products for human use containing or consisting of genetically modified organisms intended to treat or prevent coronavirus disease (COVID-19)","2024-03-06","II","c","NOTICE","http://publications.europa.eu/resource/authority/resource-type/NOTICE","Notice","SANTE","http://publications.europa.eu/resource/authority/corporate-body/SANTE","Directorate-General for Health and Food Safety"
"http://publications.europa.eu/resource/celex/52024XC01960","1960","Notice from the Commission on the fulfilment of the conditions for the application of Regulation (EU) 2020/1043 of the European Parliament and of the Council on the conduct of clinical trials with and supply of medicinal products for human use containing or consisting of genetically modified organisms intended to treat or prevent coronavirus disease (COVID-19)","2024-03-06","II","c","NOTICE","http://publications.europa.eu/resource/authority/resource-type/NOTICE","Notice","COM","http://publications.europa.eu/resource/authority/corporate-body/COM","European Commission"
"http://publications.europa.eu/resource/celex/32024B2279","2279","Decision (EU) 2024/2279 of the European Parliament of 11 April 2024 on discharge in respect of the implementation of the budget of the European Centre for Disease Prevention and Control for the financial year 2022","2024-10-10","II","d","DEC","http://publications.europa.eu/resource/authority/resource-type/DEC","Decision","EP","http://publications.europa.eu/resource/authority/corporate-body/EP","European Parliament"
"http://publications.europa.eu/resource/celex/32024B2281","2281","Decision (EU) 2024/2281 of the European Parliament of 11 April 2024 on the closure of the accounts of the European Centre for Disease Prevention and Control for the financial year 2022","2024-10-10","II","d","DEC","http://publications.europa.eu/resource/authority/resource-type/DEC","Decision","EP","http://publications.europa.eu/resource/authority/corporate-body/EP","European Parliament"
"http://publications.europa.eu/resource/celex/32025B1630","1630","Decision (EU) 2025/1630 of the European Parliament of 7 May 2025 on the closure of the accounts of the European Centre for Disease Prevention and Control for the financial year 2023","2025-10-08","II","d","DEC","http://publications.europa.eu/resource/authority/resource-type/DEC","Decision","EP","http://publications.europa.eu/resource/authority/corporate-body/EP","European Parliament"
"http://publications.europa.eu/resource/celex/32025B1629","1629","Decision (EU) 2025/1629 of the European Parliament of 7 May 2025 on discharge in respect of the implementation of the budget of the European Centre for Disease Prevention and Control for the financial year 2023","2025-10-08","II","d","DEC","http://publications.europa.eu/resource/authority/resource-type/DEC","Decision","EP","http://publications.europa.eu/resource/authority/corporate-body/EP","European Parliament"
"http://publications.europa.eu/resource/celex/32023D2626","2626","Commission Implementing Decision (EU) 2023/2626 of 24 November 2023 amending Annexes I and II to Implementing Decision (EU) 2021/260 as regards the national measures which apply in Denmark concerning bacterial kidney disease (BKD) and infectious pancreatic necrosis (IPN)","2023-11-28","II","d","DEC_IMPL","http://publications.europa.eu/resource/authority/resource-type/DEC_IMPL","Implementing decision","SANTE","http://publications.europa.eu/resource/authority/corporate-body/SANTE","Directorate-General for Health and Food Safety"
"http://publications.europa.eu/resource/celex/32025D0087","87","Commission Implementing Decision (EU) 2025/87 of 13 January 2025 concerning certain interim emergency measures relating to foot and mouth disease in Germany (notified under document C(2025) 206)","2025-01-14","II","d","DEC_IMPL","http://publications.europa.eu/resource/authority/resource-type/DEC_IMPL","Implementing decision","SANTE","http://publications.europa.eu/resource/authority/corporate-body/SANTE","Directorate-General for Health and Food Safety"
"http://publications.europa.eu/resource/celex/32025D0323","323","Commission Implementing Decision (EU) 2025/323 of 11 February 2025 concerning certain emergency measures relating to foot and mouth disease in Germany and repealing Implementing Decision (EU) 2025/186 (notified under document C(2025) 1015)","2025-02-12","II","d","DEC_IMPL","http://publications.europa.eu/resource/authority/resource-type/DEC_IMPL","Implementing decision","SANTE","http://publications.europa.eu/resource/authority/corporate-body/SANTE","Directorate-General for Health and Food Safety"
"http://publications.europa.eu/resource/celex/32025D0186","186","Commission Implementing Decision (EU) 2025/186 of 24 January 2025 concerning certain emergency measures relating to foot and mouth disease in Germany and repealing Implementing Decision (EU) 2025/87 (notified under document C(2025) 654)","2025-01-28","II","d","DEC_IMPL","http://publications.europa.eu/resource/authority/resource-type/DEC_IMPL","Implementing decision","SANTE","http://publications.europa.eu/resource/authority/corporate-body/SANTE","Directorate-General for Health and Food Safety"
"http://publications.europa.eu/resource/celex/32025D0496","496","Commission Implementing Decision (EU) 2025/496 of 11 March 2025 concerning certain interim emergency measures relating to foot and mouth disease in Hungary (notified under document C(2025) 1619)","2025-03-12","II","d","DEC_IMPL","http://publications.europa.eu/resource/authority/resource-type/DEC_IMPL","Implementing decision","SANTE","http://publications.europa.eu/resource/authority/corporate-body/SANTE","Directorate-General for Health and Food Safety"
"http://publications.europa.eu/resource/celex/32025D0403","403","Commission Implementing Decision (EU) 2025/403 of 28 February 2025 amending the Annexes to Implementing Decision (EU) 2021/260 as regards the approval of certain national measures designed to limit the impact of certain diseases of aquatic animals and as regards the list of species which are susceptible to those diseases","2025-03-03","II","d","DEC_IMPL","http://publications.europa.eu/resource/authority/resource-type/DEC_IMPL","Implementing decision","SANTE","http://publications.europa.eu/resource/authority/corporate-body/SANTE","Directorate-General for Health and Food Safety"
"http://publications.europa.eu/resource/celex/32025D0672","672","Commission Implementing Decision (EU) 2025/672 of 31 March 2025 concerning certain emergency measures relating to outbreaks of foot and mouth disease in Hungary and Slovakia and repealing Implementing Decision (EU) 2025/613 (notified under document C(2025) 2029)","2025-04-02","II","d","DEC_IMPL","http://publications.europa.eu/resource/authority/resource-type/DEC_IMPL","Implementing decision","SANTE","http://publications.europa.eu/resource/authority/corporate-body/SANTE","Directorate-General for Health and Food Safety"
"http://publications.europa.eu/resource/celex/32025D0613","613","Commission Implementing Decision (EU) 2025/613 of 24 March 2025 concerning certain emergency measures relating to foot and mouth disease in Hungary and repealing Implementing Decision (EU) 2025/496 (notified under document C(2025) 1898)","2025-03-25","II","d","DEC_IMPL","http://publications.europa.eu/resource/authority/resource-type/DEC_IMPL","Implementing decision","SANTE","http://publications.europa.eu/resource/authority/corporate-body/SANTE","Directorate-General for Health and Food Safety"
"http://publications.europa.eu/resource/celex/32025D0654","654","Commission Implementing Decision (EU) 2025/654 of 26 March 2025 concerning certain emergency measures relating to foot and mouth disease in Hungary and Slovakia and amending Implementing Decision (EU) 2025/613 (notified under document C(2025) 1957)","2025-03-31","II","d","DEC_IMPL","http://publications.europa.eu/resource/authority/resource-type/DEC_IMPL","Implementing decision","SANTE","http://publications.europa.eu/resource/authority/corporate-body/SANTE","Directorate-General for Health and Food Safety"
"http://publications.europa.eu/resource/celex/32025D0795","795","Commission Implementing Decision (EU) 2025/795 of 14 April 2025 amending the Annex to Implementing Decision (EU) 2025/672 concerning certain emergency measures relating to outbreaks of foot and mouth disease in Hungary and Slovakia (notified under document C(2025) 2427)","2025-04-15","II","d","DEC_IMPL","http://publications.europa.eu/resource/authority/resource-type/DEC_IMPL","Implementing decision","SANTE","http://publications.europa.eu/resource/authority/corporate-body/SANTE","Directorate-General for Health and Food Safety"
"http://publications.europa.eu/resource/celex/32025D0696","696","Commission Implementing Decision (EU) 2025/696 of 3 April 2025 amending the Annex to Implementing Decision (EU) 2025/672 concerning certain emergency measures relating to outbreaks of foot and mouth disease in Hungary and Slovakia (notified under document C(2025) 2169)","2025-04-04","II","d","DEC_IMPL","http://publications.europa.eu/resource/authority/resource-type/DEC_IMPL","Implementing decision","SANTE","http://publications.europa.eu/resource/authority/corporate-body/SANTE","Directorate-General for Health and Food Safety"
"http://publications.europa.eu/resource/celex/32025D0827","827","Commission Implementing Decision (EU) 2025/827 of 25 April 2025 amending the Annex to Implementing Decision (EU) 2025/672 concerning certain emergency measures relating to outbreaks of foot and mouth disease in Hungary and Slovakia (notified under document C(2025) 2629)","2025-04-28","II","d","DEC_IMPL","http://publications.europa.eu/resource/authority/resource-type/DEC_IMPL","Implementing decision","SANTE","http://publications.europa.eu/resource/authority/corporate-body/SANTE","Directorate-General for Health and Food Safety"
"http://publications.europa.eu/resource/celex/32025D1097","1097","Commission Implementing Decision (EU) 2025/1097 of 23 May 2025 amending the Annex to Implementing Decision (EU) 2025/672 concerning certain emergency measures relating to outbreaks of foot and mouth disease in Hungary and Slovakia (notified under document C(2025) 3463)","2025-05-27","II","d","DEC_IMPL","http://publications.europa.eu/resource/authority/resource-type/DEC_IMPL","Implementing decision","SANTE","http://publications.europa.eu/resource/authority/corporate-body/SANTE","Directorate-General for Health and Food Safety"
"http://publications.europa.eu/resource/celex/32025D1336","1336","Commission Implementing Decision (EU) 2025/1336 of 3 July 2025 concerning certain interim emergency measures relating to infection with lumpy skin disease virus in France (notified under document C(2025) 4588)","2025-07-04","II","d","DEC_IMPL","http://publications.europa.eu/resource/authority/resource-type/DEC_IMPL","Implementing decision","SANTE","http://publications.europa.eu/resource/authority/corporate-body/SANTE","Directorate-General for Health and Food Safety"
"http://publications.europa.eu/resource/celex/32025D1318","1318","Commission Implementing Decision (EU) 2025/1318 of 27 June 2025 concerning certain interim emergency measures relating to infection with lumpy skin disease virus in Italy (notified under document C(2025) 4422)","2025-07-01","II","d","DEC_IMPL","http://publications.europa.eu/resource/authority/resource-type/DEC_IMPL","Implementing decision","SANTE","http://publications.europa.eu/resource/authority/corporate-body/SANTE","Directorate-General for Health and Food Safety"
"http://publications.europa.eu/resource/celex/32025D1708","1708","Commission Implementing Decision (EU) 2025/1708 of 29 July 2025 concerning certain emergency measures relating to infection with lumpy skin disease virus in France and repealing Implementing Decision (EU) 2025/1336 (notified under document C(2025) 5363)","2025-08-05","II","d","DEC_IMPL","http://publications.europa.eu/resource/authority/resource-type/DEC_IMPL","Implementing decision","SANTE","http://publications.europa.eu/resource/authority/corporate-body/SANTE","Directorate-General for Health and Food Safety"
"http://publications.europa.eu/resource/celex/32025D1582","1582","Commission Implementing Decision (EU) 2025/1582 of 29 July 2025 concerning certain emergency measures relating to infection with lumpy skin disease virus in Italy and repealing Implementing Decision (EU) 2025/1318 (notified under document C(2025) 5362)","2025-08-01","II","d","DEC_IMPL","http://publications.europa.eu/resource/authority/resource-type/DEC_IMPL","Implementing decision","SANTE","http://publications.europa.eu/resource/authority/corporate-body/SANTE","Directorate-General for Health and Food Safety"
"http://publications.europa.eu/resource/celex/32025D1764","1764","Commission Implementing Decision (EU) 2025/1764 of 25 August 2025 amending Implementing Decision (EU) 2025/1582 concerning certain emergency measures relating to infection with lumpy skin disease virus in Italy (notified under document C(2025) 5881)","2025-08-27","II","d","DEC_IMPL","http://publications.europa.eu/resource/authority/resource-type/DEC_IMPL","Implementing decision","SANTE","http://publications.europa.eu/resource/authority/corporate-body/SANTE","Directorate-General for Health and Food Safety"
"http://publications.europa.eu/resource/celex/32025D1762","1762","Commission Implementing Decision (EU) 2025/1762 of 25 August 2025 amending Implementing Decision (EU) 2025/1708 concerning certain emergency measures relating to infection with lumpy skin disease virus in France (notified under document C(2025) 5879)","2025-08-28","II","d","DEC_IMPL","http://publications.europa.eu/resource/authority/resource-type/DEC_IMPL","Implementing decision","SANTE","http://publications.europa.eu/resource/authority/corporate-body/SANTE","Directorate-General for Health and Food Safety"
"http://publications.europa.eu/resource/celex/32025D1931","1931","Commission Implementing Decision (EU) 2025/1931 of 22 September 2025 amending Implementing Decision (EU) 2025/1708 concerning certain emergency measures relating to infection with lumpy skin disease virus in France (notified under document C(2025) 6528)","2025-09-25","II","d","DEC_IMPL","http://publications.europa.eu/resource/authority/resource-type/DEC_IMPL","Implementing decision","SANTE","http://publications.europa.eu/resource/authority/corporate-body/SANTE","Directorate-General for Health and Food Safety"
"http://publications.europa.eu/resource/celex/32025D1938","1938","Commission Implementing Decision (EU) 2025/1938 of 22 September 2025 amending Implementing Decision (EU) 2025/1582 concerning certain emergency measures relating to infection with lumpy skin disease virus in Italy (notified under document C(2025) 6529)","2025-09-26","II","d","DEC_IMPL","http://publications.europa.eu/resource/authority/resource-type/DEC_IMPL","Implementing decision","SANTE","http://publications.europa.eu/resource/authority/corporate-body/SANTE","Directorate-General for Health and Food Safety"
"http://publications.europa.eu/resource/celex/32025D2069","2069","Commission Implementing Decision (EU) 2025/2069 of 9 October 2025 amending Implementing Decision (EU) 2025/1708 concerning certain emergency measures relating to infection with lumpy skin disease virus in France (notified under document number C(2025) 6881)","2025-10-14","II","d","DEC_IMPL","http://publications.europa.eu/resource/authority/resource-type/DEC_IMPL","Implementing decision","SANTE","http://publications.europa.eu/resource/authority/corporate-body/SANTE","Directorate-General for Health and Food Safety"
"http://publications.europa.eu/resource/celex/32025D2087","2087","Commission Implementing Decision (EU) 2025/2087 of 14 October 2025 amending Implementing Decision (EU) 2025/1582 concerning certain emergency measures relating to infection with lumpy skin disease virus in Italy (notified under document C(2025) 6989)","2025-10-17","II","d","DEC_IMPL","http://publications.europa.eu/resource/authority/resource-type/DEC_IMPL","Implementing decision","SANTE","http://publications.europa.eu/resource/authority/corporate-body/SANTE","Directorate-General for Health and Food Safety"
"http://publications.europa.eu/resource/celex/32025D2076","2076","Commission Implementing Decision (EU) 2025/2076 of 10 October 2025 concerning certain interim emergency measures relating to infection with lumpy skin disease virus in Spain (notified under document C(2025) 6911)","2025-10-13","II","d","DEC_IMPL","http://publications.europa.eu/resource/authority/resource-type/DEC_IMPL","Implementing decision","SANTE","http://publications.europa.eu/resource/authority/corporate-body/SANTE","Directorate-General for Health and Food Safety"
"http://publications.europa.eu/resource/celex/32025D2305","2305","Commission Implementing Decision (EU) 2025/2305 of 10 November 2025 amending the Annexes to Implementing Decision (EU) 2025/1708 concerning certain emergency measures relating to infection with lumpy skin disease virus in France (notified under document C(2025) 7668)","2025-11-13","II","d","DEC_IMPL","http://publications.europa.eu/resource/authority/resource-type/DEC_IMPL","Implementing decision","SANTE","http://publications.europa.eu/resource/authority/corporate-body/SANTE","Directorate-General for Health and Food Safety"
"http://publications.europa.eu/resource/celex/32025D2256","2256","Commission Implementing Decision (EU) 2025/2256 of 5 November 2025 concerning emergency measures in relation to outbreaks of Newcastle disease in Poland (notified under document C(2025) 7559)","2025-11-10","II","d","DEC_IMPL","http://publications.europa.eu/resource/authority/resource-type/DEC_IMPL","Implementing decision","SANTE","http://publications.europa.eu/resource/authority/corporate-body/SANTE","Directorate-General for Health and Food Safety"
"http://publications.europa.eu/resource/celex/32025D2361","2361","Commission Implementing Decision (EU) 2025/2361 of 18 November 2025 amending the Annex to Implementing Decision (EU) 2025/2256 concerning emergency measures in relation to outbreaks of Newcastle disease in Poland (notified under document C(2025) 7865)","2025-11-21","II","d","DEC_IMPL","http://publications.europa.eu/resource/authority/resource-type/DEC_IMPL","Implementing decision","SANTE","http://publications.europa.eu/resource/authority/corporate-body/SANTE","Directorate-General for Health and Food Safety"
"http://publications.europa.eu/resource/celex/32025D2248","2248","Commission Implementing Decision (EU) 2025/2248 of 4 November 2025 concerning certain emergency measures relating to infection with lumpy skin disease virus in Spain and repealing Implementing Decision (EU) 2025/2076 (notified under document C(2025) 7515)","2025-11-07","II","d","DEC_IMPL","http://publications.europa.eu/resource/authority/resource-type/DEC_IMPL","Implementing decision","SANTE","http://publications.europa.eu/resource/authority/corporate-body/SANTE","Directorate-General for Health and Food Safety"
"http://publications.europa.eu/resource/celex/32025D2406","2406","Commission Implementing Decision (EU) 2025/2406 of 24 November 2025 amending the Annex to Implementing Decision (EU) 2025/2256 concerning emergency measures in relation to outbreaks of Newcastle disease in Poland (notified under document C(2025) 8107)","2025-11-27","II","d","DEC_IMPL","http://publications.europa.eu/resource/authority/resource-type/DEC_IMPL","Implementing decision","SANTE","http://publications.europa.eu/resource/authority/corporate-body/SANTE","Directorate-General for Health and Food Safety"
"http://publications.europa.eu/resource/celex/32025D2429","2429","Commission Implementing Decision (EU) 2025/2429 of 24 November 2025 amending the Annexes to Implementing Decision (EU) 2025/1708 concerning certain emergency measures relating to infection with lumpy skin disease virus in France (notified under document C(2025) 8102)","2025-11-27","II","d","DEC_IMPL","http://publications.europa.eu/resource/authority/resource-type/DEC_IMPL","Implementing decision","SANTE","http://publications.europa.eu/resource/authority/corporate-body/SANTE","Directorate-General for Health and Food Safety"
"http://publications.europa.eu/resource/celex/32025D2424","2424","Commission Implementing Decision (EU) 2025/2424 of 25 November 2025 amending Implementing Decision (EU) 2025/1582 concerning certain emergency measures relating to infection with lumpy skin disease virus in Italy (notified under document C(2025) 8160)","2025-11-28","II","d","DEC_IMPL","http://publications.europa.eu/resource/authority/resource-type/DEC_IMPL","Implementing decision","SANTE","http://publications.europa.eu/resource/authority/corporate-body/SANTE","Directorate-General for Health and Food Safety"
"http://publications.europa.eu/resource/celex/32025D2423","2423","Commission Implementing Decision (EU) 2025/2423 of 25 November 2025 amending the Annexes to Implementing Decision (EU) 2025/2248 concerning certain emergency measures relating to infection with lumpy skin disease virus in Spain (notified under document C(2025) 8187)","2025-11-28","II","d","DEC_IMPL","http://publications.europa.eu/resource/authority/resource-type/DEC_IMPL","Implementing decision","SANTE","http://publications.europa.eu/resource/authority/corporate-body/SANTE","Directorate-General for Health and Food Safety"
"http://publications.europa.eu/resource/celex/32023D2626","2626","Commission Implementing Decision (EU) 2023/2626 of 24 November 2023 amending Annexes I and II to Implementing Decision (EU) 2021/260 as regards the national measures which apply in Denmark concerning bacterial kidney disease (BKD) and infectious pancreatic necrosis (IPN)","2023-11-28","II","d","DEC_IMPL","http://publications.europa.eu/resource/authority/resource-type/DEC_IMPL","Implementing decision","COM","http://publications.europa.eu/resource/authority/corporate-body/COM","European Commission"
"http://publications.europa.eu/resource/celex/32025D0087","87","Commission Implementing Decision (EU) 2025/87 of 13 January 2025 concerning certain interim emergency measures relating to foot and mouth disease in Germany (notified under document C(2025) 206)","2025-01-14","II","d","DEC_IMPL","http://publications.europa.eu/resource/authority/resource-type/DEC_IMPL","Implementing decision","COM","http://publications.europa.eu/resource/authority/corporate-body/COM","European Commission"
"http://publications.europa.eu/resource/celex/32025D0323","323","Commission Implementing Decision (EU) 2025/323 of 11 February 2025 concerning certain emergency measures relating to foot and mouth disease in Germany and repealing Implementing Decision (EU) 2025/186 (notified under document C(2025) 1015)","2025-02-12","II","d","DEC_IMPL","http://publications.europa.eu/resource/authority/resource-type/DEC_IMPL","Implementing decision","COM","http://publications.europa.eu/resource/authority/corporate-body/COM","European Commission"
"http://publications.europa.eu/resource/celex/32025D0186","186","Commission Implementing Decision (EU) 2025/186 of 24 January 2025 concerning certain emergency measures relating to foot and mouth disease in Germany and repealing Implementing Decision (EU) 2025/87 (notified under document C(2025) 654)","2025-01-28","II","d","DEC_IMPL","http://publications.europa.eu/resource/authority/resource-type/DEC_IMPL","Implementing decision","COM","http://publications.europa.eu/resource/authority/corporate-body/COM","European Commission"
"http://publications.europa.eu/resource/celex/32025D0496","496","Commission Implementing Decision (EU) 2025/496 of 11 March 2025 concerning certain interim emergency measures relating to foot and mouth disease in Hungary (notified under document C(2025) 1619)","2025-03-12","II","d","DEC_IMPL","http://publications.europa.eu/resource/authority/resource-type/DEC_IMPL","Implementing decision","COM","http://publications.europa.eu/resource/authority/corporate-body/COM","European Commission"
"http://publications.europa.eu/resource/celex/32025D0403","403","Commission Implementing Decision (EU) 2025/403 of 28 February 2025 amending the Annexes to Implementing Decision (EU) 2021/260 as regards the approval of certain national measures designed to limit the impact of certain diseases of aquatic animals and as regards the list of species which are susceptible to those diseases","2025-03-03","II","d","DEC_IMPL","http://publications.europa.eu/resource/authority/resource-type/DEC_IMPL","Implementing decision","COM","http://publications.europa.eu/resource/authority/corporate-body/COM","European Commission"
"http://publications.europa.eu/resource/celex/32025D0672","672","Commission Implementing Decision (EU) 2025/672 of 31 March 2025 concerning certain emergency measures relating to outbreaks of foot and mouth disease in Hungary and Slovakia and repealing Implementing Decision (EU) 2025/613 (notified under document C(2025) 2029)","2025-04-02","II","d","DEC_IMPL","http://publications.europa.eu/resource/authority/resource-type/DEC_IMPL","Implementing decision","COM","http://publications.europa.eu/resource/authority/corporate-body/COM","European Commission"
"http://publications.europa.eu/resource/celex/32025D0613","613","Commission Implementing Decision (EU) 2025/613 of 24 March 2025 concerning certain emergency measures relating to foot and mouth disease in Hungary and repealing Implementing Decision (EU) 2025/496 (notified under document C(2025) 1898)","2025-03-25","II","d","DEC_IMPL","http://publications.europa.eu/resource/authority/resource-type/DEC_IMPL","Implementing decision","COM","http://publications.europa.eu/resource/authority/corporate-body/COM","European Commission"
"http://publications.europa.eu/resource/celex/32025D0654","654","Commission Implementing Decision (EU) 2025/654 of 26 March 2025 concerning certain emergency measures relating to foot and mouth disease in Hungary and Slovakia and amending Implementing Decision (EU) 2025/613 (notified under document C(2025) 1957)","2025-03-31","II","d","DEC_IMPL","http://publications.europa.eu/resource/authority/resource-type/DEC_IMPL","Implementing decision","COM","http://publications.europa.eu/resource/authority/corporate-body/COM","European Commission"
"http://publications.europa.eu/resource/celex/32025D0795","795","Commission Implementing Decision (EU) 2025/795 of 14 April 2025 amending the Annex to Implementing Decision (EU) 2025/672 concerning certain emergency measures relating to outbreaks of foot and mouth disease in Hungary and Slovakia (notified under document C(2025) 2427)","2025-04-15","II","d","DEC_IMPL","http://publications.europa.eu/resource/authority/resource-type/DEC_IMPL","Implementing decision","COM","http://publications.europa.eu/resource/authority/corporate-body/COM","European Commission"
"http://publications.europa.eu/resource/celex/32025D0696","696","Commission Implementing Decision (EU) 2025/696 of 3 April 2025 amending the Annex to Implementing Decision (EU) 2025/672 concerning certain emergency measures relating to outbreaks of foot and mouth disease in Hungary and Slovakia (notified under document C(2025) 2169)","2025-04-04","II","d","DEC_IMPL","http://publications.europa.eu/resource/authority/resource-type/DEC_IMPL","Implementing decision","COM","http://publications.europa.eu/resource/authority/corporate-body/COM","European Commission"
"http://publications.europa.eu/resource/celex/32025D0827","827","Commission Implementing Decision (EU) 2025/827 of 25 April 2025 amending the Annex to Implementing Decision (EU) 2025/672 concerning certain emergency measures relating to outbreaks of foot and mouth disease in Hungary and Slovakia (notified under document C(2025) 2629)","2025-04-28","II","d","DEC_IMPL","http://publications.europa.eu/resource/authority/resource-type/DEC_IMPL","Implementing decision","COM","http://publications.europa.eu/resource/authority/corporate-body/COM","European Commission"
"http://publications.europa.eu/resource/celex/32025D1097","1097","Commission Implementing Decision (EU) 2025/1097 of 23 May 2025 amending the Annex to Implementing Decision (EU) 2025/672 concerning certain emergency measures relating to outbreaks of foot and mouth disease in Hungary and Slovakia (notified under document C(2025) 3463)","2025-05-27","II","d","DEC_IMPL","http://publications.europa.eu/resource/authority/resource-type/DEC_IMPL","Implementing decision","COM","http://publications.europa.eu/resource/authority/corporate-body/COM","European Commission"
"http://publications.europa.eu/resource/celex/32025D1336","1336","Commission Implementing Decision (EU) 2025/1336 of 3 July 2025 concerning certain interim emergency measures relating to infection with lumpy skin disease virus in France (notified under document C(2025) 4588)","2025-07-04","II","d","DEC_IMPL","http://publications.europa.eu/resource/authority/resource-type/DEC_IMPL","Implementing decision","COM","http://publications.europa.eu/resource/authority/corporate-body/COM","European Commission"
"http://publications.europa.eu/resource/celex/32025D1318","1318","Commission Implementing Decision (EU) 2025/1318 of 27 June 2025 concerning certain interim emergency measures relating to infection with lumpy skin disease virus in Italy (notified under document C(2025) 4422)","2025-07-01","II","d","DEC_IMPL","http://publications.europa.eu/resource/authority/resource-type/DEC_IMPL","Implementing decision","COM","http://publications.europa.eu/resource/authority/corporate-body/COM","European Commission"
"http://publications.europa.eu/resource/celex/32025D1708","1708","Commission Implementing Decision (EU) 2025/1708 of 29 July 2025 concerning certain emergency measures relating to infection with lumpy skin disease virus in France and repealing Implementing Decision (EU) 2025/1336 (notified under document C(2025) 5363)","2025-08-05","II","d","DEC_IMPL","http://publications.europa.eu/resource/authority/resource-type/DEC_IMPL","Implementing decision","COM","http://publications.europa.eu/resource/authority/corporate-body/COM","European Commission"
"http://publications.europa.eu/resource/celex/32025D1582","1582","Commission Implementing Decision (EU) 2025/1582 of 29 July 2025 concerning certain emergency measures relating to infection with lumpy skin disease virus in Italy and repealing Implementing Decision (EU) 2025/1318 (notified under document C(2025) 5362)","2025-08-01","II","d","DEC_IMPL","http://publications.europa.eu/resource/authority/resource-type/DEC_IMPL","Implementing decision","COM","http://publications.europa.eu/resource/authority/corporate-body/COM","European Commission"
"http://publications.europa.eu/resource/celex/32025D1764","1764","Commission Implementing Decision (EU) 2025/1764 of 25 August 2025 amending Implementing Decision (EU) 2025/1582 concerning certain emergency measures relating to infection with lumpy skin disease virus in Italy (notified under document C(2025) 5881)","2025-08-27","II","d","DEC_IMPL","http://publications.europa.eu/resource/authority/resource-type/DEC_IMPL","Implementing decision","COM","http://publications.europa.eu/resource/authority/corporate-body/COM","European Commission"
"http://publications.europa.eu/resource/celex/32025D1762","1762","Commission Implementing Decision (EU) 2025/1762 of 25 August 2025 amending Implementing Decision (EU) 2025/1708 concerning certain emergency measures relating to infection with lumpy skin disease virus in France (notified under document C(2025) 5879)","2025-08-28","II","d","DEC_IMPL","http://publications.europa.eu/resource/authority/resource-type/DEC_IMPL","Implementing decision","COM","http://publications.europa.eu/resource/authority/corporate-body/COM","European Commission"
"http://publications.europa.eu/resource/celex/32025D1931","1931","Commission Implementing Decision (EU) 2025/1931 of 22 September 2025 amending Implementing Decision (EU) 2025/1708 concerning certain emergency measures relating to infection with lumpy skin disease virus in France (notified under document C(2025) 6528)","2025-09-25","II","d","DEC_IMPL","http://publications.europa.eu/resource/authority/resource-type/DEC_IMPL","Implementing decision","COM","http://publications.europa.eu/resource/authority/corporate-body/COM","European Commission"
"http://publications.europa.eu/resource/celex/32025D1938","1938","Commission Implementing Decision (EU) 2025/1938 of 22 September 2025 amending Implementing Decision (EU) 2025/1582 concerning certain emergency measures relating to infection with lumpy skin disease virus in Italy (notified under document C(2025) 6529)","2025-09-26","II","d","DEC_IMPL","http://publications.europa.eu/resource/authority/resource-type/DEC_IMPL","Implementing decision","COM","http://publications.europa.eu/resource/authority/corporate-body/COM","European Commission"
"http://publications.europa.eu/resource/celex/32025D2069","2069","Commission Implementing Decision (EU) 2025/2069 of 9 October 2025 amending Implementing Decision (EU) 2025/1708 concerning certain emergency measures relating to infection with lumpy skin disease virus in France (notified under document number C(2025) 6881)","2025-10-14","II","d","DEC_IMPL","http://publications.europa.eu/resource/authority/resource-type/DEC_IMPL","Implementing decision","COM","http://publications.europa.eu/resource/authority/corporate-body/COM","European Commission"
"http://publications.europa.eu/resource/celex/32025D2087","2087","Commission Implementing Decision (EU) 2025/2087 of 14 October 2025 amending Implementing Decision (EU) 2025/1582 concerning certain emergency measures relating to infection with lumpy skin disease virus in Italy (notified under document C(2025) 6989)","2025-10-17","II","d","DEC_IMPL","http://publications.europa.eu/resource/authority/resource-type/DEC_IMPL","Implementing decision","COM","http://publications.europa.eu/resource/authority/corporate-body/COM","European Commission"
"http://publications.europa.eu/resource/celex/32025D2076","2076","Commission Implementing Decision (EU) 2025/2076 of 10 October 2025 concerning certain interim emergency measures relating to infection with lumpy skin disease virus in Spain (notified under document C(2025) 6911)","2025-10-13","II","d","DEC_IMPL","http://publications.europa.eu/resource/authority/resource-type/DEC_IMPL","Implementing decision","COM","http://publications.europa.eu/resource/authority/corporate-body/COM","European Commission"
"http://publications.europa.eu/resource/celex/32025D2305","2305","Commission Implementing Decision (EU) 2025/2305 of 10 November 2025 amending the Annexes to Implementing Decision (EU) 2025/1708 concerning certain emergency measures relating to infection with lumpy skin disease virus in France (notified under document C(2025) 7668)","2025-11-13","II","d","DEC_IMPL","http://publications.europa.eu/resource/authority/resource-type/DEC_IMPL","Implementing decision","COM","http://publications.europa.eu/resource/authority/corporate-body/COM","European Commission"
"http://publications.europa.eu/resource/celex/32025D2256","2256","Commission Implementing Decision (EU) 2025/2256 of 5 November 2025 concerning emergency measures in relation to outbreaks of Newcastle disease in Poland (notified under document C(2025) 7559)","2025-11-10","II","d","DEC_IMPL","http://publications.europa.eu/resource/authority/resource-type/DEC_IMPL","Implementing decision","COM","http://publications.europa.eu/resource/authority/corporate-body/COM","European Commission"
"http://publications.europa.eu/resource/celex/32025D2361","2361","Commission Implementing Decision (EU) 2025/2361 of 18 November 2025 amending the Annex to Implementing Decision (EU) 2025/2256 concerning emergency measures in relation to outbreaks of Newcastle disease in Poland (notified under document C(2025) 7865)","2025-11-21","II","d","DEC_IMPL","http://publications.europa.eu/resource/authority/resource-type/DEC_IMPL","Implementing decision","COM","http://publications.europa.eu/resource/authority/corporate-body/COM","European Commission"
"http://publications.europa.eu/resource/celex/32025D2248","2248","Commission Implementing Decision (EU) 2025/2248 of 4 November 2025 concerning certain emergency measures relating to infection with lumpy skin disease virus in Spain and repealing Implementing Decision (EU) 2025/2076 (notified under document C(2025) 7515)","2025-11-07","II","d","DEC_IMPL","http://publications.europa.eu/resource/authority/resource-type/DEC_IMPL","Implementing decision","COM","http://publications.europa.eu/resource/authority/corporate-body/COM","European Commission"
"http://publications.europa.eu/resource/celex/32025D2406","2406","Commission Implementing Decision (EU) 2025/2406 of 24 November 2025 amending the Annex to Implementing Decision (EU) 2025/2256 concerning emergency measures in relation to outbreaks of Newcastle disease in Poland (notified under document C(2025) 8107)","2025-11-27","II","d","DEC_IMPL","http://publications.europa.eu/resource/authority/resource-type/DEC_IMPL","Implementing decision","COM","http://publications.europa.eu/resource/authority/corporate-body/COM","European Commission"
"http://publications.europa.eu/resource/celex/32025D2429","2429","Commission Implementing Decision (EU) 2025/2429 of 24 November 2025 amending the Annexes to Implementing Decision (EU) 2025/1708 concerning certain emergency measures relating to infection with lumpy skin disease virus in France (notified under document C(2025) 8102)","2025-11-27","II","d","DEC_IMPL","http://publications.europa.eu/resource/authority/resource-type/DEC_IMPL","Implementing decision","COM","http://publications.europa.eu/resource/authority/corporate-body/COM","European Commission"
"http://publications.europa.eu/resource/celex/32025D2424","2424","Commission Implementing Decision (EU) 2025/2424 of 25 November 2025 amending Implementing Decision (EU) 2025/1582 concerning certain emergency measures relating to infection with lumpy skin disease virus in Italy (notified under document C(2025) 8160)","2025-11-28","II","d","DEC_IMPL","http://publications.europa.eu/resource/authority/resource-type/DEC_IMPL","Implementing decision","COM","http://publications.europa.eu/resource/authority/corporate-body/COM","European Commission"
"http://publications.europa.eu/resource/celex/32025D2423","2423","Commission Implementing Decision (EU) 2025/2423 of 25 November 2025 amending the Annexes to Implementing Decision (EU) 2025/2248 concerning certain emergency measures relating to infection with lumpy skin disease virus in Spain (notified under document C(2025) 8187)","2025-11-28","II","d","DEC_IMPL","http://publications.europa.eu/resource/authority/resource-type/DEC_IMPL","Implementing decision","COM","http://publications.europa.eu/resource/authority/corporate-body/COM","European Commission"
"http://publications.europa.eu/resource/celex/52024BP2280","2280","Resolution (EU) 2024/2280 of the European Parliament of 11 April 2024 with observations forming an integral part of the decision on discharge in respect of the implementation of the budget of the European Centre for Disease Prevention and Control for the financial year 2022","2024-10-10","II","d","RES","http://publications.europa.eu/resource/authority/resource-type/RES","Resolution","EP","http://publications.europa.eu/resource/authority/corporate-body/EP","European Parliament"
"http://publications.europa.eu/resource/celex/32025Q01747","1747","Decision of the Management Board of the European Centre for Disease Prevention and Control of 27 March 2025 on internal rules concerning restrictions of certain rights of data subjects in relation to processing of personal data in the framework of the functioning of the European Centre for Disease Prevention and Control (ECDC)","2025-08-14","II","g","PROC_RULES","http://publications.europa.eu/resource/authority/resource-type/PROC_RULES","Rules of procedure","ECDC","http://publications.europa.eu/resource/authority/corporate-body/ECDC","European Centre for Disease Prevention and Control"
"http://publications.europa.eu/resource/celex/E2024C0074","2178","EFTA Surveillance Authority Delegated Decision No 074/24/COL of 6 May 2024 to amend Annex II to Decision No 203/21/COL regarding the approval of national measures of Norway and Iceland designed to limit the impact of certain diseases of aquatic animals in accordance with Article 226(3) of Regulation (EU) 2016/429 [2024/2178]","2024-08-29","III","a","DEC_DEL","http://publications.europa.eu/resource/authority/resource-type/DEC_DEL","Delegated decision","EFTA_SUC","http://publications.europa.eu/resource/authority/corporate-body/EFTA_SUC","EFTA Surveillance Authority"
"http://publications.europa.eu/resource/celex/E2025C0019","879","EFTA Surveillance Authority Delegated Decision No 019/25/COL of 26 February 2025 to amend Annex II to Delegated Decision No 203/21/COL regarding the approval of national measures of Norway and Iceland designed to limit the impact of certain diseases of aquatic animals in accordance with Article 226(3) of Regulation (EU) 2016/429 of the European Parliament and of the Council [2025/879]","2025-05-08","III","a","DEC_DEL","http://publications.europa.eu/resource/authority/resource-type/DEC_DEL","Delegated decision","EFTA_SUC","http://publications.europa.eu/resource/authority/corporate-body/EFTA_SUC","EFTA Surveillance Authority"
"http://publications.europa.eu/resource/celex/32024B01323","1323","Statement of revenue and expenditure for the 2024 financial year – European Centre for Disease Prevention and Control (ECDC)","2024-02-29","IV","a","BUDGET","http://publications.europa.eu/resource/authority/resource-type/BUDGET","Budget","ECDC","http://publications.europa.eu/resource/authority/corporate-body/ECDC","European Centre for Disease Prevention and Control"
"http://publications.europa.eu/resource/celex/32025B00869","869","Statement of revenue and expenditure for the 2025 financial year – European Centre for Disease Prevention and Control (ECDC)","2025-02-28","IV","a","BUDGET","http://publications.europa.eu/resource/authority/resource-type/BUDGET","Budget","ECDC","http://publications.europa.eu/resource/authority/corporate-body/ECDC","European Centre for Disease Prevention and Control"
"http://publications.europa.eu/resource/celex/52023XX00814","814","European Centre for Disease Prevention and Control — Publication of the final accounts for the financial year 2022","2023-11-22","IV","a","NOTICE","http://publications.europa.eu/resource/authority/resource-type/NOTICE","Notice","ECDC","http://publications.europa.eu/resource/authority/corporate-body/ECDC","European Centre for Disease Prevention and Control"
"http://publications.europa.eu/resource/celex/52024XX06514","6514","European Centre for Disease Prevention and Control – Publication of the final accounts for the financial year 2023","2024-11-08","IV","a","NOTICE","http://publications.europa.eu/resource/authority/resource-type/NOTICE","Notice","ECDC","http://publications.europa.eu/resource/authority/corporate-body/ECDC","European Centre for Disease Prevention and Control"
"http://publications.europa.eu/resource/celex/52025XX06007","6007","European Centre for Disease Prevention and Control – Publication of the final accounts for the financial year 2024","2025-11-18","IV","a","NOTICE","http://publications.europa.eu/resource/authority/resource-type/NOTICE","Notice","ECDC","http://publications.europa.eu/resource/authority/corporate-body/ECDC","European Centre for Disease Prevention and Control"
"http://publications.europa.eu/resource/celex/32023B00696","696","Statement of revenue and expenditure for the 2023 financial year – European Centre for Disease Prevention and Control (ECDC) – amending budget No 1","2023-11-30","IV","a","BUDGET_SUPPL_AMEND","http://publications.europa.eu/resource/authority/resource-type/BUDGET_SUPPL_AMEND","Supplementary and amending budget","ECDC","http://publications.europa.eu/resource/authority/corporate-body/ECDC","European Centre for Disease Prevention and Control"
"http://publications.europa.eu/resource/celex/32025B00227","227","Statement of revenue and expenditure for the 2024 financial year – European Centre for Disease Prevention and Control (ECDC) – amending budget No 1","2025-01-31","IV","a","BUDGET_SUPPL_AMEND","http://publications.europa.eu/resource/authority/resource-type/BUDGET_SUPPL_AMEND","Supplementary and amending budget","ECDC","http://publications.europa.eu/resource/authority/corporate-body/ECDC","European Centre for Disease Prevention and Control"
"http://publications.europa.eu/resource/celex/62022CA0615","925","Case C-615/22 P: Judgment of the Court (Sixth Chamber) of 7 December 2023 — HV, HW v European Centre for Disease Prevention and Control (ECDC) (Appeal — Civil service — European Centre for Disease Prevention and Control (ECDC) — Members of the temporary staff — Psychological harassment — Working conditions — Material and non-material damage — Action for annulment and claim for damages)","2024-01-29","V","b","INFO_JUDICIAL","http://publications.europa.eu/resource/authority/resource-type/INFO_JUDICIAL","Judicial information","CJ","http://publications.europa.eu/resource/authority/corporate-body/CJ","Court of Justice"
"http://publications.europa.eu/resource/celex/62023TB0516","4595","Case T-516/23: Order of the General Court of 6 June 2024 – Lucaccioni v Commission (Civil service – Officials – Social security – Occupational disease – Request for recognition of aggravation of an occupational disease – Failure to comply with procedural requirements – Article 76(d) of the Rules of Procedure – Manifest inadmissibility)","2024-07-29","V","b","INFO_JUDICIAL","http://publications.europa.eu/resource/authority/resource-type/INFO_JUDICIAL","Judicial information","GCEU","http://publications.europa.eu/resource/authority/corporate-body/GCEU","General Court"
"http://publications.europa.eu/resource/celex/62024TA0171","1764","Case T-171/24: Judgment of the General Court of 12 February 2025 – DH v Commission (Civil service – Members of the contract staff – Social security – Article 101(3) of the CEOS – Total and permanent invalidity – Refusal to recognise the invalidity as arising from an occupational disease – Obligation to state reasons – Medical assessments)","2025-03-31","V","b","INFO_JUDICIAL","http://publications.europa.eu/resource/authority/resource-type/INFO_JUDICIAL","Judicial information","GCEU","http://publications.europa.eu/resource/authority/corporate-body/GCEU","General Court"
"http://publications.europa.eu/resource/celex/62024TA0109","2860","Case T-109/24: Judgment of the General Court of 9 April 2025 – CL v Commission (Civil service – Officials – Social security – Total and permanent invalidity – Fifth paragraph of Article 78 of the Staff Regulations – Refusal to recognise invalidity as arising from an occupational disease – Obligation to state reasons – Concept of occupational disease – Liability)","2025-06-02","V","b","INFO_JUDICIAL","http://publications.europa.eu/resource/authority/resource-type/INFO_JUDICIAL","Judicial information","GCEU","http://publications.europa.eu/resource/authority/corporate-body/GCEU","General Court"
